{
  "target_simulator": "NEURON",
  "run": {
    "tstart": 0.0,
    "tstop": 3000.0,
    "dt": 0.1,
    "dL": 20.0,
    "spike_threshold": -15.0,
    "nsteps_block": 5000
  },
  "conditions": {
    "celsius": 34.0,
    "v_init": -80.0
  },
  "inputs": {
    "mthalamus_spikes": {
      "input_type": "spikes",
      "module": "sonata",
      "input_file": "/home/mizzou/Desktop/important/single_cell/BMTK_notebook/syn_BMTK/inputs/mthalamus_spikes.h5",
      "node_set": "mthalamus"
    }
  },
  "output": {
    "log_file": "log.txt",
    "output_dir": "/home/mizzou/Desktop/important/single_cell/BMTK_notebook/syn_BMTK/output",
    "spikes_file": "spikes.h5"
  },
  "reports": {
    "v_report": {
      "variable_name": "v",
      "cells": "all",
      "module": "membrane_report",
      "sections": "soma"
    }
  },
  "node_sets_file": "/home/mizzou/Desktop/important/single_cell/BMTK_notebook/syn_BMTK/node_sets.json",
  "network": "/home/mizzou/Desktop/important/single_cell/BMTK_notebook/syn_BMTK/circuit_config.json",
  "config_path": "/home/mizzou/Desktop/important/single_cell/BMTK_notebook/syn_BMTK/simulation_config.json",
  "config_dir": "/home/mizzou/Desktop/important/single_cell/BMTK_notebook/syn_BMTK",
  "components": {
    "biophysical_neuron_models_dir": "/home/mizzou/Desktop/important/single_cell/BMTK_notebook/syn_BMTK/components/biophysical_neuron_models",
    "point_neuron_models_dir": "/home/mizzou/Desktop/important/single_cell/BMTK_notebook/syn_BMTK/components/point_neuron_models",
    "templates_dir": "/home/mizzou/Desktop/important/single_cell/BMTK_notebook/syn_BMTK/components/templates",
    "synaptic_models_dir": "/home/mizzou/Desktop/important/single_cell/BMTK_notebook/syn_BMTK/components/synaptic_models",
    "morphologies_dir": "/home/mizzou/Desktop/important/single_cell/BMTK_notebook/syn_BMTK/components/morphologies",
    "mechanisms_dir": "/home/mizzou/Desktop/important/single_cell/BMTK_notebook/syn_BMTK/components/mechanisms"
  },
  "networks": {
    "nodes": [
      {
        "nodes_file": "/home/mizzou/Desktop/important/single_cell/BMTK_notebook/syn_BMTK/network/BL_nodes.h5",
        "node_types_file": "/home/mizzou/Desktop/important/single_cell/BMTK_notebook/syn_BMTK/network/BL_node_types.csv"
      },
      {
        "nodes_file": "/home/mizzou/Desktop/important/single_cell/BMTK_notebook/syn_BMTK/network/mthalamus_nodes.h5",
        "node_types_file": "/home/mizzou/Desktop/important/single_cell/BMTK_notebook/syn_BMTK/network/mthalamus_node_types.csv"
      }
    ],
    "edges": [
      {
        "edges_file": "/home/mizzou/Desktop/important/single_cell/BMTK_notebook/syn_BMTK/network/mthalamus_BL_edges.h5",
        "edge_types_file": "/home/mizzou/Desktop/important/single_cell/BMTK_notebook/syn_BMTK/network/mthalamus_BL_edge_types.csv"
      }
    ]
  }
}