{"manifest": {"$BASE_DIR": "${configdir}", "$OUTPUT_DIR": "$BASE_DIR/output"}, "target_simulator": "NEURON", "run": {"tstart": 0.0, "tstop": 2000.0, "dt": 0.1, "dL": 20.0, "spike_threshold": -15.0, "nsteps_block": 5000}, "conditions": {"celsius": 34.0, "v_init": -80.0}, "output": {"log_file": "log.txt", "output_dir": "$OUTPUT_DIR", "spikes_file": "spikes.h5"}, "reports": {"v_report": {"variable_name": "v", "cells": "all", "module": "membrane_report", "sections": "soma"}}, "node_sets_file": "$BASE_DIR/node_sets.json", "network": "$BASE_DIR/circuit_config.json", "inputs": {"current_clamp1": {"input_type": "current_clamp", "module": "IClamp", "node_set": "all", "amp": 0.3, "delay": 300.0, "duration": 1000.0}}}