{
  "manifest": {
    "$BASE_DIR": "${configdir}",
    "$NETWORK_DIR": "$BASE_DIR/network",
    "$COMPONENTS_DIR": "$BASE_DIR/components"
  },
  "components": {
    "biophysical_neuron_models_dir": "$COMPONENTS_DIR/biophysical_neuron_models",
    "point_neuron_models_dir": "$COMPONENTS_DIR/point_neuron_models",
    "templates_dir": "$COMPONENTS_DIR/templates",
    "synaptic_models_dir": "$COMPONENTS_DIR/synaptic_models",
    "morphologies_dir": "$COMPONENTS_DIR/morphologies",
    "mechanisms_dir": "$COMPONENTS_DIR/mechanisms"
  },
  "networks": {
    "nodes": [
      {
        "nodes_file": "$NETWORK_DIR/BL_nodes.h5",
        "node_types_file": "$NETWORK_DIR/BL_node_types.csv"
      },
      {
        "nodes_file": "$NETWORK_DIR/mthalamus_nodes.h5",
        "node_types_file": "$NETWORK_DIR/mthalamus_node_types.csv"
      }
    ],
    "edges": [
      {
        "edges_file": "$NETWORK_DIR/mthalamus_BL_edges.h5",
        "edge_types_file": "$NETWORK_DIR/mthalamus_BL_edge_types.csv"
      }
    ]
  }
}