[
  {
    "bridge_balance_mohm": 14.1025638580322,
    "id": 488683610,
    "leak_pa": -73.1305465698242,
    "num_spikes": null,
    "peak_deflection": null,
    "post_noise_rms_mv": null,
    "post_vm_mv": null,
    "pre_noise_rms_mv": null,
    "pre_vm_mv": null,
    "slow_noise_rms_mv": null,
    "slow_vm_mv": null,
    "specimen_id": 488683425,
    "stimulus_absolute_amplitude": null,
    "stimulus_description": "EXTPGGAEND141203[0]",
    "stimulus_duration": null,
    "stimulus_interval": null,
    "stimulus_name": "Test",
    "stimulus_relative_amplitude": 1.0,
    "stimulus_start_time": null,
    "stimulus_units": "Volts",
    "sweep_number": 71,
    "vm_delta_mv": null
  },
  {
    "bridge_balance_mohm": 12.3931617736816,
    "id": 488683504,
    "leak_pa": 13.0544996261597,
    "num_spikes": 1,
    "peak_deflection": null,
    "post_noise_rms_mv": 0.0333027169108391,
    "post_vm_mv": -67.9999313354492,
    "pre_noise_rms_mv": 0.0345665886998177,
    "pre_vm_mv": -68.0134506225586,
    "slow_noise_rms_mv": 0.142555892467499,
    "slow_vm_mv": -68.0134506225586,
    "specimen_id": 488683425,
    "stimulus_absolute_amplitude": 690.000001579705,
    "stimulus_description": "C1SSFINEST150112[0]",
    "stimulus_duration": 0.002995,
    "stimulus_interval": null,
    "stimulus_name": "Short Square",
    "stimulus_relative_amplitude": 6.90000009536743,
    "stimulus_start_time": 1.02,
    "stimulus_units": "Amps",
    "sweep_number": 18,
    "vm_delta_mv": 0.013519287109375
  },
  {
    "bridge_balance_mohm": 14.1025638580322,
    "id": 488683600,
    "leak_pa": -73.1305465698242,
    "num_spikes": 43,
    "peak_deflection": null,
    "post_noise_rms_mv": 0.0450246930122375,
    "post_vm_mv": -68.7638702392578,
    "pre_noise_rms_mv": 0.037558414041996,
    "pre_vm_mv": -69.4275207519531,
    "slow_noise_rms_mv": 0.231182977557182,
    "slow_vm_mv": -69.4275207519531,
    "specimen_id": 488683425,
    "stimulus_absolute_amplitude": 249.999992929517,
    "stimulus_description": "C2SQRHELNG150216[0]",
    "stimulus_duration": 1.999995,
    "stimulus_interval": null,
    "stimulus_name": "Square - 2s Suprathreshold",
    "stimulus_relative_amplitude": 2.5,
    "stimulus_start_time": 1.02,
    "stimulus_units": "Amps",
    "sweep_number": 66,
    "vm_delta_mv": 0.663650512695312
  },
  {
    "bridge_balance_mohm": 14.1025638580322,
    "id": 488683564,
    "leak_pa": -33.7769317626953,
    "num_spikes": 165,
    "peak_deflection": null,
    "post_noise_rms_mv": 0.0322532691061497,
    "post_vm_mv": -68.2352447509766,
    "pre_noise_rms_mv": 0.0386939980089664,
    "pre_vm_mv": -68.9396209716797,
    "slow_noise_rms_mv": 0.225896999239922,
    "slow_vm_mv": -68.9396209716797,
    "specimen_id": 488683425,
    "stimulus_absolute_amplitude": 400.750016504858,
    "stimulus_description": "C1NSSEED_2150216[0]",
    "stimulus_duration": 18.999995,
    "stimulus_interval": 8.0,
    "stimulus_name": "Noise 2",
    "stimulus_relative_amplitude": 1.70000004768372,
    "stimulus_start_time": 2.02,
    "stimulus_units": "Amps",
    "sweep_number": 48,
    "vm_delta_mv": 0.704376220703125
  },
  {
    "bridge_balance_mohm": 12.3931617736816,
    "id": 488683478,
    "leak_pa": -8.87199020385742,
    "num_spikes": 20,
    "peak_deflection": null,
    "post_noise_rms_mv": null,
    "post_vm_mv": null,
    "pre_noise_rms_mv": 0.0452201887965202,
    "pre_vm_mv": -70.9339065551758,
    "slow_noise_rms_mv": 0.141116783022881,
    "slow_vm_mv": -70.9339065551758,
    "specimen_id": 488683425,
    "stimulus_absolute_amplitude": 800.000010681146,
    "stimulus_description": "C1RP25PR1S141203[0]",
    "stimulus_duration": 31.997495,
    "stimulus_interval": null,
    "stimulus_name": "Ramp",
    "stimulus_relative_amplitude": 1.0,
    "stimulus_start_time": 1.0225,
    "stimulus_units": "Amps",
    "sweep_number": 5,
    "vm_delta_mv": null
  },
  {
    "bridge_balance_mohm": 16.1172161102295,
    "id": 488683536,
    "leak_pa": -42.0785789489746,
    "num_spikes": null,
    "peak_deflection": -53.4687538146973,
    "post_noise_rms_mv": 0.0386203750967979,
    "post_vm_mv": -69.1963424682617,
    "pre_noise_rms_mv": 0.034399576485157,
    "pre_vm_mv": -69.6565170288086,
    "slow_noise_rms_mv": 0.218209832906723,
    "slow_vm_mv": -69.6565170288086,
    "specimen_id": 488683425,
    "stimulus_absolute_amplitude": 129.99999687846,
    "stimulus_description": "C1LSCOARSE150216[12]",
    "stimulus_duration": 0.999995,
    "stimulus_interval": null,
    "stimulus_name": "Long Square",
    "stimulus_relative_amplitude": 1.0,
    "stimulus_start_time": 1.02,
    "stimulus_units": "Amps",
    "sweep_number": 34,
    "vm_delta_mv": 0.460174560546875
  },
  {
    "bridge_balance_mohm": 12.3931617736816,
    "id": 488683496,
    "leak_pa": 13.0544996261597,
    "num_spikes": null,
    "peak_deflection": null,
    "post_noise_rms_mv": 0.0362660810351372,
    "post_vm_mv": -68.5066604614258,
    "pre_noise_rms_mv": 0.0341960713267326,
    "pre_vm_mv": -68.358757019043,
    "slow_noise_rms_mv": 0.105923421680927,
    "slow_vm_mv": -68.358757019043,
    "specimen_id": 488683425,
    "stimulus_absolute_amplitude": 629.999996615282,
    "stimulus_description": "C1SSFINEST150112[0]",
    "stimulus_duration": 0.002995,
    "stimulus_interval": null,
    "stimulus_name": "Short Square",
    "stimulus_relative_amplitude": 6.30000019073486,
    "stimulus_start_time": 1.02,
    "stimulus_units": "Amps",
    "sweep_number": 14,
    "vm_delta_mv": 0.147903442382812
  },
  {
    "bridge_balance_mohm": 16.1172161102295,
    "id": 488683538,
    "leak_pa": -42.0785789489746,
    "num_spikes": 5,
    "peak_deflection": null,
    "post_noise_rms_mv": 0.0327776297926903,
    "post_vm_mv": -70.0725021362305,
    "pre_noise_rms_mv": 0.0315775610506535,
    "pre_vm_mv": -69.1770477294922,
    "slow_noise_rms_mv": 0.345036894083023,
    "slow_vm_mv": -69.1770477294922,
    "specimen_id": 488683425,
    "stimulus_absolute_amplitude": 149.999998533268,
    "stimulus_description": "C1LSCOARSE150216[13]",
    "stimulus_duration": 0.999995,
    "stimulus_interval": null,
    "stimulus_name": "Long Square",
    "stimulus_relative_amplitude": 1.0,
    "stimulus_start_time": 1.02,
    "stimulus_units": "Amps",
    "sweep_number": 35,
    "vm_delta_mv": 0.895454406738281
  },
  {
    "bridge_balance_mohm": 16.1172161102295,
    "id": 488683530,
    "leak_pa": -42.0785789489746,
    "num_spikes": null,
    "peak_deflection": -58.375,
    "post_noise_rms_mv": 0.0395569764077663,
    "post_vm_mv": -66.2530975341797,
    "pre_noise_rms_mv": 0.036069568246603,
    "pre_vm_mv": -66.7871017456055,
    "slow_noise_rms_mv": 0.398371160030365,
    "slow_vm_mv": -66.7871017456055,
    "specimen_id": 488683425,
    "stimulus_absolute_amplitude": 69.9999988529321,
    "stimulus_description": "C1LSCOARSE150216[9]",
    "stimulus_duration": 0.999995,
    "stimulus_interval": null,
    "stimulus_name": "Long Square",
    "stimulus_relative_amplitude": 1.0,
    "stimulus_start_time": 1.02,
    "stimulus_units": "Amps",
    "sweep_number": 31,
    "vm_delta_mv": 0.534004211425781
  },
  {
    "bridge_balance_mohm": 12.3931617736816,
    "id": 488683494,
    "leak_pa": 5.19645118713379,
    "num_spikes": 1,
    "peak_deflection": null,
    "post_noise_rms_mv": 0.036839697510004,
    "post_vm_mv": -69.3156967163086,
    "pre_noise_rms_mv": 0.038228552788496,
    "pre_vm_mv": -68.8580169677734,
    "slow_noise_rms_mv": 0.246485099196434,
    "slow_vm_mv": -68.8580169677734,
    "specimen_id": 488683425,
    "stimulus_absolute_amplitude": 700.000002407108,
    "stimulus_description": "C1SSCOARSE150112[6]",
    "stimulus_duration": 0.002995,
    "stimulus_interval": null,
    "stimulus_name": "Short Square",
    "stimulus_relative_amplitude": 1.0,
    "stimulus_start_time": 1.02,
    "stimulus_units": "Amps",
    "sweep_number": 13,
    "vm_delta_mv": 0.457679748535156
  },
  {
    "bridge_balance_mohm": null,
    "id": 488683474,
    "leak_pa": null,
    "num_spikes": null,
    "peak_deflection": null,
    "post_noise_rms_mv": null,
    "post_vm_mv": null,
    "pre_noise_rms_mv": null,
    "pre_vm_mv": null,
    "slow_noise_rms_mv": null,
    "slow_vm_mv": null,
    "specimen_id": 488683425,
    "stimulus_absolute_amplitude": null,
    "stimulus_description": "EXTPBREAKN141203[0]",
    "stimulus_duration": null,
    "stimulus_interval": null,
    "stimulus_name": "Test",
    "stimulus_relative_amplitude": 1.0,
    "stimulus_start_time": null,
    "stimulus_units": "Volts",
    "sweep_number": 3,
    "vm_delta_mv": null
  },
  {
    "bridge_balance_mohm": 12.3931617736816,
    "id": 488683486,
    "leak_pa": 5.19645118713379,
    "num_spikes": null,
    "peak_deflection": null,
    "post_noise_rms_mv": 0.0398792997002602,
    "post_vm_mv": -68.5524291992188,
    "pre_noise_rms_mv": 0.0353389270603657,
    "pre_vm_mv": -68.8764038085938,
    "slow_noise_rms_mv": 0.179724901914597,
    "slow_vm_mv": -68.8764038085938,
    "specimen_id": 488683425,
    "stimulus_absolute_amplitude": 299.999997066536,
    "stimulus_description": "C1SSCOARSE150112[2]",
    "stimulus_duration": 0.002995,
    "stimulus_interval": null,
    "stimulus_name": "Short Square",
    "stimulus_relative_amplitude": 1.0,
    "stimulus_start_time": 1.02,
    "stimulus_units": "Amps",
    "sweep_number": 9,
    "vm_delta_mv": 0.323974609375
  },
  {
    "bridge_balance_mohm": 14.1025638580322,
    "id": 488683586,
    "leak_pa": -73.1305465698242,
    "num_spikes": 10,
    "peak_deflection": null,
    "post_noise_rms_mv": 0.042722150683403,
    "post_vm_mv": -70.4667205810547,
    "pre_noise_rms_mv": 0.0361101143062115,
    "pre_vm_mv": -71.1593780517578,
    "slow_noise_rms_mv": 0.236412093043327,
    "slow_vm_mv": -71.1593780517578,
    "specimen_id": 488683425,
    "stimulus_absolute_amplitude": 170.000000188075,
    "stimulus_description": "C2SQRHELNG150216[0]",
    "stimulus_duration": 1.999995,
    "stimulus_interval": null,
    "stimulus_name": "Square - 2s Suprathreshold",
    "stimulus_relative_amplitude": 1.70000004768372,
    "stimulus_start_time": 1.02,
    "stimulus_units": "Amps",
    "sweep_number": 59,
    "vm_delta_mv": 0.692657470703125
  },
  {
    "bridge_balance_mohm": null,
    "id": 488683470,
    "leak_pa": null,
    "num_spikes": null,
    "peak_deflection": null,
    "post_noise_rms_mv": null,
    "post_vm_mv": null,
    "pre_noise_rms_mv": null,
    "pre_vm_mv": null,
    "slow_noise_rms_mv": null,
    "slow_vm_mv": null,
    "specimen_id": 488683425,
    "stimulus_absolute_amplitude": null,
    "stimulus_description": "EXTPINBATH141203[0]",
    "stimulus_duration": null,
    "stimulus_interval": null,
    "stimulus_name": "Test",
    "stimulus_relative_amplitude": 1.0,
    "stimulus_start_time": null,
    "stimulus_units": "Volts",
    "sweep_number": 1,
    "vm_delta_mv": null
  },
  {
    "bridge_balance_mohm": 14.1025638580322,
    "id": 488683562,
    "leak_pa": -17.4904956817627,
    "num_spikes": 159,
    "peak_deflection": null,
    "post_noise_rms_mv": 0.0607438683509827,
    "post_vm_mv": -66.2760772705078,
    "pre_noise_rms_mv": 0.048531498759985,
    "pre_vm_mv": -66.0763778686523,
    "slow_noise_rms_mv": 0.438622534275055,
    "slow_vm_mv": -66.0763778686523,
    "specimen_id": 488683425,
    "stimulus_absolute_amplitude": 393.999999293015,
    "stimulus_description": "C1NSSEED_1150216[0]",
    "stimulus_duration": 18.999995,
    "stimulus_interval": 8.0,
    "stimulus_name": "Noise 1",
    "stimulus_relative_amplitude": 1.70000004768372,
    "stimulus_start_time": 2.02,
    "stimulus_units": "Amps",
    "sweep_number": 47,
    "vm_delta_mv": 0.199699401855469
  },
  {
    "bridge_balance_mohm": 14.1025638580322,
    "id": 488683582,
    "leak_pa": -73.1305465698242,
    "num_spikes": null,
    "peak_deflection": null,
    "post_noise_rms_mv": 0.0328768789768219,
    "post_vm_mv": -68.9765777587891,
    "pre_noise_rms_mv": 0.0350667759776115,
    "pre_vm_mv": -69.5709381103516,
    "slow_noise_rms_mv": 0.233213394880295,
    "slow_vm_mv": -69.5709381103516,
    "specimen_id": 488683425,
    "stimulus_absolute_amplitude": -200.000002670286,
    "stimulus_description": "C1SQCAPCHK141203[0]",
    "stimulus_duration": 7.218495,
    "stimulus_interval": 0.2005,
    "stimulus_name": "Square - 0.5ms Subthreshold",
    "stimulus_relative_amplitude": 1.0,
    "stimulus_start_time": 0.8215,
    "stimulus_units": "Amps",
    "sweep_number": 57,
    "vm_delta_mv": 0.5943603515625
  },
  {
    "bridge_balance_mohm": 14.1025638580322,
    "id": 488683598,
    "leak_pa": -73.1305465698242,
    "num_spikes": 26,
    "peak_deflection": null,
    "post_noise_rms_mv": 0.0358829610049725,
    "post_vm_mv": -69.8365173339844,
    "pre_noise_rms_mv": 0.0377332605421543,
    "pre_vm_mv": -70.7904968261719,
    "slow_noise_rms_mv": 0.448468953371048,
    "slow_vm_mv": -70.7904968261719,
    "specimen_id": 488683425,
    "stimulus_absolute_amplitude": 209.999989619902,
    "stimulus_description": "C2SQRHELNG150216[0]",
    "stimulus_duration": 1.999995,
    "stimulus_interval": null,
    "stimulus_name": "Square - 2s Suprathreshold",
    "stimulus_relative_amplitude": 2.09999990463257,
    "stimulus_start_time": 1.02,
    "stimulus_units": "Amps",
    "sweep_number": 65,
    "vm_delta_mv": 0.9539794921875
  },
  {
    "bridge_balance_mohm": 16.1172161102295,
    "id": 488683544,
    "leak_pa": -29.5310516357422,
    "num_spikes": 20,
    "peak_deflection": null,
    "post_noise_rms_mv": 0.0292560420930386,
    "post_vm_mv": -69.9058074951172,
    "pre_noise_rms_mv": 0.0255861654877663,
    "pre_vm_mv": -69.1361465454102,
    "slow_noise_rms_mv": 0.186016529798508,
    "slow_vm_mv": -69.1361465454102,
    "specimen_id": 488683425,
    "stimulus_absolute_amplitude": 209.999989619902,
    "stimulus_description": "C1LSCOARSE150216[16]",
    "stimulus_duration": 0.999995,
    "stimulus_interval": null,
    "stimulus_name": "Long Square",
    "stimulus_relative_amplitude": 1.0,
    "stimulus_start_time": 1.02,
    "stimulus_units": "Amps",
    "sweep_number": 38,
    "vm_delta_mv": 0.769660949707031
  },
  {
    "bridge_balance_mohm": 12.3931617736816,
    "id": 488683510,
    "leak_pa": 13.0544996261597,
    "num_spikes": 1,
    "peak_deflection": null,
    "post_noise_rms_mv": 0.0366484485566616,
    "post_vm_mv": -68.1198120117188,
    "pre_noise_rms_mv": 0.0421271808445454,
    "pre_vm_mv": -68.0058898925781,
    "slow_noise_rms_mv": 0.248799577355385,
    "slow_vm_mv": -68.0058898925781,
    "specimen_id": 488683425,
    "stimulus_absolute_amplitude": 690.000001579705,
    "stimulus_description": "C1SSFINEST150112[0]",
    "stimulus_duration": 0.002995,
    "stimulus_interval": null,
    "stimulus_name": "Short Square",
    "stimulus_relative_amplitude": 6.90000009536743,
    "stimulus_start_time": 1.02,
    "stimulus_units": "Amps",
    "sweep_number": 21,
    "vm_delta_mv": 0.113922119140625
  },
  {
    "bridge_balance_mohm": 14.1025638580322,
    "id": 488683556,
    "leak_pa": -2.66159677505493,
    "num_spikes": 19,
    "peak_deflection": null,
    "post_noise_rms_mv": 0.0348582565784454,
    "post_vm_mv": -68.6701965332031,
    "pre_noise_rms_mv": 0.0385244488716125,
    "pre_vm_mv": -68.4069061279297,
    "slow_noise_rms_mv": 0.344611823558807,
    "slow_vm_mv": -68.4069061279297,
    "specimen_id": 488683425,
    "stimulus_absolute_amplitude": 170.000000188075,
    "stimulus_description": "C1LSFINEST150112[0]",
    "stimulus_duration": 0.999995,
    "stimulus_interval": null,
    "stimulus_name": "Long Square",
    "stimulus_relative_amplitude": 1.70000004768372,
    "stimulus_start_time": 1.02,
    "stimulus_units": "Amps",
    "sweep_number": 44,
    "vm_delta_mv": 0.263290405273438
  },
  {
    "bridge_balance_mohm": 12.3931617736816,
    "id": 488683506,
    "leak_pa": 13.0544996261597,
    "num_spikes": 1,
    "peak_deflection": null,
    "post_noise_rms_mv": 0.0411963649094105,
    "post_vm_mv": -67.9175415039062,
    "pre_noise_rms_mv": 0.0337343364953995,
    "pre_vm_mv": -68.0810394287109,
    "slow_noise_rms_mv": 0.159206137061119,
    "slow_vm_mv": -68.0810394287109,
    "specimen_id": 488683425,
    "stimulus_absolute_amplitude": 690.000001579705,
    "stimulus_description": "C1SSFINEST150112[0]",
    "stimulus_duration": 0.002995,
    "stimulus_interval": null,
    "stimulus_name": "Short Square",
    "stimulus_relative_amplitude": 6.90000009536743,
    "stimulus_start_time": 1.02,
    "stimulus_units": "Amps",
    "sweep_number": 19,
    "vm_delta_mv": 0.163497924804688
  },
  {
    "bridge_balance_mohm": 12.3931617736816,
    "id": 488683512,
    "leak_pa": 13.0544996261597,
    "num_spikes": null,
    "peak_deflection": -79.4375,
    "post_noise_rms_mv": 0.0388287231326103,
    "post_vm_mv": -68.6892395019531,
    "pre_noise_rms_mv": 0.0378488749265671,
    "pre_vm_mv": -68.860481262207,
    "slow_noise_rms_mv": 0.11562255769968,
    "slow_vm_mv": -68.860481262207,
    "specimen_id": 488683425,
    "stimulus_absolute_amplitude": -110.000002162547,
    "stimulus_description": "C1LSCOARSE150216[0]",
    "stimulus_duration": 0.999995,
    "stimulus_interval": null,
    "stimulus_name": "Long Square",
    "stimulus_relative_amplitude": 1.0,
    "stimulus_start_time": 1.02,
    "stimulus_units": "Amps",
    "sweep_number": 22,
    "vm_delta_mv": 0.171241760253906
  },
  {
    "bridge_balance_mohm": 12.3931617736816,
    "id": 488683502,
    "leak_pa": 13.0544996261597,
    "num_spikes": 1,
    "peak_deflection": null,
    "post_noise_rms_mv": 0.0365164875984192,
    "post_vm_mv": -67.8047714233398,
    "pre_noise_rms_mv": 0.0377526506781578,
    "pre_vm_mv": -67.8172607421875,
    "slow_noise_rms_mv": 0.119247637689114,
    "slow_vm_mv": -67.8172607421875,
    "specimen_id": 488683425,
    "stimulus_absolute_amplitude": 690.000001579705,
    "stimulus_description": "C1SSFINEST150112[0]",
    "stimulus_duration": 0.002995,
    "stimulus_interval": null,
    "stimulus_name": "Short Square",
    "stimulus_relative_amplitude": 6.90000009536743,
    "stimulus_start_time": 1.02,
    "stimulus_units": "Amps",
    "sweep_number": 17,
    "vm_delta_mv": 0.0124893188476562
  },
  {
    "bridge_balance_mohm": null,
    "id": 488683612,
    "leak_pa": null,
    "num_spikes": null,
    "peak_deflection": null,
    "post_noise_rms_mv": 0.0345599502325058,
    "post_vm_mv": 1.58538317680359,
    "pre_noise_rms_mv": 0.0356723293662071,
    "pre_vm_mv": 1.35711801052094,
    "slow_noise_rms_mv": 0.125090584158897,
    "slow_vm_mv": 1.35711801052094,
    "specimen_id": 488683425,
    "stimulus_absolute_amplitude": 0.0,
    "stimulus_description": "EXTPBLWOUT141203[0]",
    "stimulus_duration": 0.0,
    "stimulus_interval": null,
    "stimulus_name": "Test",
    "stimulus_relative_amplitude": 1.0,
    "stimulus_start_time": 0.0,
    "stimulus_units": "Amps",
    "sweep_number": 72,
    "vm_delta_mv": 0.228265166282654
  },
  {
    "bridge_balance_mohm": 14.1025638580322,
    "id": 488683584,
    "leak_pa": -73.1305465698242,
    "num_spikes": 13,
    "peak_deflection": null,
    "post_noise_rms_mv": 0.0350677259266376,
    "post_vm_mv": -70.1699676513672,
    "pre_noise_rms_mv": 0.0356691405177116,
    "pre_vm_mv": -70.2583465576172,
    "slow_noise_rms_mv": 0.220297858119011,
    "slow_vm_mv": -70.2583465576172,
    "specimen_id": 488683425,
    "stimulus_absolute_amplitude": 170.000000188075,
    "stimulus_description": "C2SQRHELNG150216[0]",
    "stimulus_duration": 1.999995,
    "stimulus_interval": null,
    "stimulus_name": "Square - 2s Suprathreshold",
    "stimulus_relative_amplitude": 1.70000004768372,
    "stimulus_start_time": 1.02,
    "stimulus_units": "Amps",
    "sweep_number": 58,
    "vm_delta_mv": 0.08837890625
  },
  {
    "bridge_balance_mohm": 14.1025638580322,
    "id": 488683574,
    "leak_pa": -64.0050735473633,
    "num_spikes": 131,
    "peak_deflection": null,
    "post_noise_rms_mv": 0.0363267511129379,
    "post_vm_mv": -69.0515899658203,
    "pre_noise_rms_mv": 0.0350801236927509,
    "pre_vm_mv": -69.9505233764648,
    "slow_noise_rms_mv": 0.128225579857826,
    "slow_vm_mv": -69.9505233764648,
    "specimen_id": 488683425,
    "stimulus_absolute_amplitude": 393.999999293015,
    "stimulus_description": "C1NSSEED_1150216[0]",
    "stimulus_duration": 18.999995,
    "stimulus_interval": 8.0,
    "stimulus_name": "Noise 1",
    "stimulus_relative_amplitude": 1.70000004768372,
    "stimulus_start_time": 2.02,
    "stimulus_units": "Amps",
    "sweep_number": 53,
    "vm_delta_mv": 0.898933410644531
  },
  {
    "bridge_balance_mohm": 14.1025638580322,
    "id": 488683560,
    "leak_pa": -2.66159677505493,
    "num_spikes": 18,
    "peak_deflection": null,
    "post_noise_rms_mv": 0.0403042547404766,
    "post_vm_mv": -66.7470779418945,
    "pre_noise_rms_mv": 0.0351338349282742,
    "pre_vm_mv": -66.5661773681641,
    "slow_noise_rms_mv": 0.255478918552399,
    "slow_vm_mv": -66.5661773681641,
    "specimen_id": 488683425,
    "stimulus_absolute_amplitude": 170.000000188075,
    "stimulus_description": "C1LSFINEST150112[0]",
    "stimulus_duration": 0.999995,
    "stimulus_interval": null,
    "stimulus_name": "Long Square",
    "stimulus_relative_amplitude": 1.70000004768372,
    "stimulus_start_time": 1.02,
    "stimulus_units": "Amps",
    "sweep_number": 46,
    "vm_delta_mv": 0.180900573730469
  },
  {
    "bridge_balance_mohm": 14.1025638580322,
    "id": 488683568,
    "leak_pa": -53.9923934936523,
    "num_spikes": 149,
    "peak_deflection": null,
    "post_noise_rms_mv": 0.0353330001235008,
    "post_vm_mv": -70.3348007202148,
    "pre_noise_rms_mv": 0.0379454605281353,
    "pre_vm_mv": -69.3549270629883,
    "slow_noise_rms_mv": 0.118755802512169,
    "slow_vm_mv": -69.3549270629883,
    "specimen_id": 488683425,
    "stimulus_absolute_amplitude": 400.750016504858,
    "stimulus_description": "C1NSSEED_2150216[0]",
    "stimulus_duration": 18.999995,
    "stimulus_interval": 8.0,
    "stimulus_name": "Noise 2",
    "stimulus_relative_amplitude": 1.70000004768372,
    "stimulus_start_time": 2.02,
    "stimulus_units": "Amps",
    "sweep_number": 50,
    "vm_delta_mv": 0.979873657226562
  },
  {
    "bridge_balance_mohm": 12.3931617736816,
    "id": 488683476,
    "leak_pa": null,
    "num_spikes": 12,
    "peak_deflection": null,
    "post_noise_rms_mv": null,
    "post_vm_mv": null,
    "pre_noise_rms_mv": 0.0377784594893456,
    "pre_vm_mv": -68.8805999755859,
    "slow_noise_rms_mv": 0.122273087501526,
    "slow_vm_mv": -68.8805999755859,
    "specimen_id": 488683425,
    "stimulus_absolute_amplitude": 800.000010681146,
    "stimulus_description": "C1RP25PR1S141203[0]",
    "stimulus_duration": 31.997495,
    "stimulus_interval": null,
    "stimulus_name": "Ramp",
    "stimulus_relative_amplitude": 1.0,
    "stimulus_start_time": 1.0225,
    "stimulus_units": "Amps",
    "sweep_number": 4,
    "vm_delta_mv": null
  },
  {
    "bridge_balance_mohm": null,
    "id": 488683472,
    "leak_pa": null,
    "num_spikes": null,
    "peak_deflection": null,
    "post_noise_rms_mv": null,
    "post_vm_mv": null,
    "pre_noise_rms_mv": null,
    "pre_vm_mv": null,
    "slow_noise_rms_mv": null,
    "slow_vm_mv": null,
    "specimen_id": 488683425,
    "stimulus_absolute_amplitude": null,
    "stimulus_description": "EXTPCllATT141203[0]",
    "stimulus_duration": null,
    "stimulus_interval": null,
    "stimulus_name": "Test",
    "stimulus_relative_amplitude": 1.0,
    "stimulus_start_time": null,
    "stimulus_units": "Volts",
    "sweep_number": 2,
    "vm_delta_mv": null
  },
  {
    "bridge_balance_mohm": 14.1025638580322,
    "id": 488683596,
    "leak_pa": -73.1305465698242,
    "num_spikes": 28,
    "peak_deflection": null,
    "post_noise_rms_mv": 0.06305992603302,
    "post_vm_mv": -71.3025360107422,
    "pre_noise_rms_mv": 0.052670381963253,
    "pre_vm_mv": -70.4463958740234,
    "slow_noise_rms_mv": 0.279137969017029,
    "slow_vm_mv": -70.4463958740234,
    "specimen_id": 488683425,
    "stimulus_absolute_amplitude": 209.999989619902,
    "stimulus_description": "C2SQRHELNG150216[0]",
    "stimulus_duration": 1.999995,
    "stimulus_interval": null,
    "stimulus_name": "Square - 2s Suprathreshold",
    "stimulus_relative_amplitude": 2.09999990463257,
    "stimulus_start_time": 1.02,
    "stimulus_units": "Amps",
    "sweep_number": 64,
    "vm_delta_mv": 0.85614013671875
  },
  {
    "bridge_balance_mohm": 12.3931617736816,
    "id": 488683500,
    "leak_pa": 13.0544996261597,
    "num_spikes": null,
    "peak_deflection": null,
    "post_noise_rms_mv": 0.0413857214152813,
    "post_vm_mv": -68.5968399047852,
    "pre_noise_rms_mv": 0.0406668223440647,
    "pre_vm_mv": -68.7773513793945,
    "slow_noise_rms_mv": 0.115074917674065,
    "slow_vm_mv": -68.7773513793945,
    "specimen_id": 488683425,
    "stimulus_absolute_amplitude": 669.999999924897,
    "stimulus_description": "C1SSFINEST150112[0]",
    "stimulus_duration": 0.002995,
    "stimulus_interval": null,
    "stimulus_name": "Short Square",
    "stimulus_relative_amplitude": 6.69999980926514,
    "stimulus_start_time": 1.02,
    "stimulus_units": "Amps",
    "sweep_number": 16,
    "vm_delta_mv": 0.180511474609375
  },
  {
    "bridge_balance_mohm": 12.3931617736816,
    "id": 488683508,
    "leak_pa": 13.0544996261597,
    "num_spikes": 1,
    "peak_deflection": null,
    "post_noise_rms_mv": 0.0363642945885658,
    "post_vm_mv": -67.8593139648438,
    "pre_noise_rms_mv": 0.0385788641870022,
    "pre_vm_mv": -67.9335784912109,
    "slow_noise_rms_mv": 0.131369382143021,
    "slow_vm_mv": -67.9335784912109,
    "specimen_id": 488683425,
    "stimulus_absolute_amplitude": 690.000001579705,
    "stimulus_description": "C1SSFINEST150112[0]",
    "stimulus_duration": 0.002995,
    "stimulus_interval": null,
    "stimulus_name": "Short Square",
    "stimulus_relative_amplitude": 6.90000009536743,
    "stimulus_start_time": 1.02,
    "stimulus_units": "Amps",
    "sweep_number": 20,
    "vm_delta_mv": 0.0742645263671875
  },
  {
    "bridge_balance_mohm": null,
    "id": 488683468,
    "leak_pa": null,
    "num_spikes": null,
    "peak_deflection": null,
    "post_noise_rms_mv": null,
    "post_vm_mv": null,
    "pre_noise_rms_mv": null,
    "pre_vm_mv": null,
    "slow_noise_rms_mv": null,
    "slow_vm_mv": null,
    "specimen_id": 488683425,
    "stimulus_absolute_amplitude": null,
    "stimulus_description": "EXTPSMOKET141203[0]",
    "stimulus_duration": null,
    "stimulus_interval": null,
    "stimulus_name": "Test",
    "stimulus_relative_amplitude": 1.0,
    "stimulus_start_time": null,
    "stimulus_units": "Volts",
    "sweep_number": 0,
    "vm_delta_mv": null
  },
  {
    "bridge_balance_mohm": 12.3931617736816,
    "id": 488683480,
    "leak_pa": -27.1229419708252,
    "num_spikes": 15,
    "peak_deflection": null,
    "post_noise_rms_mv": null,
    "post_vm_mv": null,
    "pre_noise_rms_mv": 0.0360576175153255,
    "pre_vm_mv": -71.7544479370117,
    "slow_noise_rms_mv": 0.129760310053825,
    "slow_vm_mv": -71.7544479370117,
    "specimen_id": 488683425,
    "stimulus_absolute_amplitude": 800.000010681146,
    "stimulus_description": "C1RP25PR1S141203[0]",
    "stimulus_duration": 31.997495,
    "stimulus_interval": null,
    "stimulus_name": "Ramp",
    "stimulus_relative_amplitude": 1.0,
    "stimulus_start_time": 1.0225,
    "stimulus_units": "Amps",
    "sweep_number": 6,
    "vm_delta_mv": null
  },
  {
    "bridge_balance_mohm": 14.1025638580322,
    "id": 488683604,
    "leak_pa": -73.1305465698242,
    "num_spikes": 45,
    "peak_deflection": null,
    "post_noise_rms_mv": 0.0355234667658806,
    "post_vm_mv": -70.4318618774414,
    "pre_noise_rms_mv": 0.0428490489721298,
    "pre_vm_mv": -70.605842590332,
    "slow_noise_rms_mv": 0.339416801929474,
    "slow_vm_mv": -70.605842590332,
    "specimen_id": 488683425,
    "stimulus_absolute_amplitude": 249.999992929517,
    "stimulus_description": "C2SQRHELNG150216[0]",
    "stimulus_duration": 1.999995,
    "stimulus_interval": null,
    "stimulus_name": "Square - 2s Suprathreshold",
    "stimulus_relative_amplitude": 2.5,
    "stimulus_start_time": 1.02,
    "stimulus_units": "Amps",
    "sweep_number": 68,
    "vm_delta_mv": 0.173980712890625
  },
  {
    "bridge_balance_mohm": 16.1172161102295,
    "id": 488683540,
    "leak_pa": -29.5310516357422,
    "num_spikes": 12,
    "peak_deflection": null,
    "post_noise_rms_mv": 0.0387349128723145,
    "post_vm_mv": -68.1222229003906,
    "pre_noise_rms_mv": 0.0367645286023617,
    "pre_vm_mv": -69.0523529052734,
    "slow_noise_rms_mv": 0.304724991321564,
    "slow_vm_mv": -69.0523529052734,
    "specimen_id": 488683425,
    "stimulus_absolute_amplitude": 170.000000188075,
    "stimulus_description": "C1LSCOARSE150216[14]",
    "stimulus_duration": 0.999995,
    "stimulus_interval": null,
    "stimulus_name": "Long Square",
    "stimulus_relative_amplitude": 1.0,
    "stimulus_start_time": 1.02,
    "stimulus_units": "Amps",
    "sweep_number": 36,
    "vm_delta_mv": 0.930130004882812
  },
  {
    "bridge_balance_mohm": 12.3931617736816,
    "id": 488683492,
    "leak_pa": 5.19645118713379,
    "num_spikes": null,
    "peak_deflection": null,
    "post_noise_rms_mv": 0.0323374457657337,
    "post_vm_mv": -68.7740478515625,
    "pre_noise_rms_mv": 0.0572516582906246,
    "pre_vm_mv": -68.575798034668,
    "slow_noise_rms_mv": 0.363799333572388,
    "slow_vm_mv": -68.575798034668,
    "specimen_id": 488683425,
    "stimulus_absolute_amplitude": 599.999994133071,
    "stimulus_description": "C1SSCOARSE150112[5]",
    "stimulus_duration": 0.002995,
    "stimulus_interval": null,
    "stimulus_name": "Short Square",
    "stimulus_relative_amplitude": 1.0,
    "stimulus_start_time": 1.02,
    "stimulus_units": "Amps",
    "sweep_number": 12,
    "vm_delta_mv": 0.198249816894531
  },
  {
    "bridge_balance_mohm": 14.1025638580322,
    "id": 488683580,
    "leak_pa": -73.1305465698242,
    "num_spikes": null,
    "peak_deflection": null,
    "post_noise_rms_mv": 0.0422576926648617,
    "post_vm_mv": -70.1879425048828,
    "pre_noise_rms_mv": 0.039442952722311,
    "pre_vm_mv": -69.8452377319336,
    "slow_noise_rms_mv": 0.25071969628334,
    "slow_vm_mv": -69.8452377319336,
    "specimen_id": 488683425,
    "stimulus_absolute_amplitude": -200.000002670286,
    "stimulus_description": "C1SQCAPCHK141203[0]",
    "stimulus_duration": 7.218495,
    "stimulus_interval": 0.2005,
    "stimulus_name": "Square - 0.5ms Subthreshold",
    "stimulus_relative_amplitude": 1.0,
    "stimulus_start_time": 0.8215,
    "stimulus_units": "Amps",
    "sweep_number": 56,
    "vm_delta_mv": 0.342704772949219
  },
  {
    "bridge_balance_mohm": 16.1172161102295,
    "id": 488683528,
    "leak_pa": -31.6856784820557,
    "num_spikes": null,
    "peak_deflection": -59.3125038146973,
    "post_noise_rms_mv": 0.0392151437699795,
    "post_vm_mv": -66.7807464599609,
    "pre_noise_rms_mv": 0.0415833108127117,
    "pre_vm_mv": -66.428955078125,
    "slow_noise_rms_mv": 0.311870515346527,
    "slow_vm_mv": -66.428955078125,
    "specimen_id": 488683425,
    "stimulus_absolute_amplitude": 50.0000006675716,
    "stimulus_description": "C1LSCOARSE150216[8]",
    "stimulus_duration": 0.999995,
    "stimulus_interval": null,
    "stimulus_name": "Long Square",
    "stimulus_relative_amplitude": 1.0,
    "stimulus_start_time": 1.02,
    "stimulus_units": "Amps",
    "sweep_number": 30,
    "vm_delta_mv": 0.351791381835938
  },
  {
    "bridge_balance_mohm": 14.1025638580322,
    "id": 488683554,
    "leak_pa": -11.4702157974243,
    "num_spikes": 14,
    "peak_deflection": null,
    "post_noise_rms_mv": 0.0345584489405155,
    "post_vm_mv": -69.4952697753906,
    "pre_noise_rms_mv": 0.036665353924036,
    "pre_vm_mv": -69.3247909545898,
    "slow_noise_rms_mv": 0.122418358922005,
    "slow_vm_mv": -69.3247909545898,
    "specimen_id": 488683425,
    "stimulus_absolute_amplitude": 170.000000188075,
    "stimulus_description": "C1LSFINEST150112[0]",
    "stimulus_duration": 0.999995,
    "stimulus_interval": null,
    "stimulus_name": "Long Square",
    "stimulus_relative_amplitude": 1.70000004768372,
    "stimulus_start_time": 1.02,
    "stimulus_units": "Amps",
    "sweep_number": 43,
    "vm_delta_mv": 0.170478820800781
  },
  {
    "bridge_balance_mohm": 12.3931617736816,
    "id": 488683498,
    "leak_pa": 13.0544996261597,
    "num_spikes": null,
    "peak_deflection": null,
    "post_noise_rms_mv": 0.0311080329120159,
    "post_vm_mv": -68.3421325683594,
    "pre_noise_rms_mv": 0.0320347137749195,
    "pre_vm_mv": -68.4595336914062,
    "slow_noise_rms_mv": 0.118854269385338,
    "slow_vm_mv": -68.4595336914062,
    "specimen_id": 488683425,
    "stimulus_absolute_amplitude": 649.99999827009,
    "stimulus_description": "C1SSFINEST150112[0]",
    "stimulus_duration": 0.002995,
    "stimulus_interval": null,
    "stimulus_name": "Short Square",
    "stimulus_relative_amplitude": 6.5,
    "stimulus_start_time": 1.02,
    "stimulus_units": "Amps",
    "sweep_number": 15,
    "vm_delta_mv": 0.117401123046875
  },
  {
    "bridge_balance_mohm": 14.1025638580322,
    "id": 488683608,
    "leak_pa": -73.1305465698242,
    "num_spikes": null,
    "peak_deflection": null,
    "post_noise_rms_mv": null,
    "post_vm_mv": null,
    "pre_noise_rms_mv": null,
    "pre_vm_mv": null,
    "slow_noise_rms_mv": null,
    "slow_vm_mv": null,
    "specimen_id": 488683425,
    "stimulus_absolute_amplitude": null,
    "stimulus_description": "EXTPEXPEND141203[0]",
    "stimulus_duration": null,
    "stimulus_interval": null,
    "stimulus_name": "Test",
    "stimulus_relative_amplitude": 1.0,
    "stimulus_start_time": null,
    "stimulus_units": "Volts",
    "sweep_number": 70,
    "vm_delta_mv": null
  },
  {
    "bridge_balance_mohm": 14.1025638580322,
    "id": 488683570,
    "leak_pa": -53.9923934936523,
    "num_spikes": 142,
    "peak_deflection": null,
    "post_noise_rms_mv": 0.0358254723250866,
    "post_vm_mv": -68.5574264526367,
    "pre_noise_rms_mv": 0.0321173332631588,
    "pre_vm_mv": -68.4384765625,
    "slow_noise_rms_mv": 0.117965720593929,
    "slow_vm_mv": -68.4384765625,
    "specimen_id": 488683425,
    "stimulus_absolute_amplitude": 393.999999293015,
    "stimulus_description": "C1NSSEED_1150216[0]",
    "stimulus_duration": 18.999995,
    "stimulus_interval": 8.0,
    "stimulus_name": "Noise 1",
    "stimulus_relative_amplitude": 1.70000004768372,
    "stimulus_start_time": 2.02,
    "stimulus_units": "Amps",
    "sweep_number": 51,
    "vm_delta_mv": 0.118949890136719
  },
  {
    "bridge_balance_mohm": 12.3931617736816,
    "id": 488683484,
    "leak_pa": 5.19645118713379,
    "num_spikes": null,
    "peak_deflection": null,
    "post_noise_rms_mv": 0.0387443900108337,
    "post_vm_mv": -69.2628555297852,
    "pre_noise_rms_mv": 0.0340714529156685,
    "pre_vm_mv": -69.262077331543,
    "slow_noise_rms_mv": 0.168041557073593,
    "slow_vm_mv": -69.262077331543,
    "specimen_id": 488683425,
    "stimulus_absolute_amplitude": 200.000002670286,
    "stimulus_description": "C1SSCOARSE150112[1]",
    "stimulus_duration": 0.002995,
    "stimulus_interval": null,
    "stimulus_name": "Short Square",
    "stimulus_relative_amplitude": 1.0,
    "stimulus_start_time": 1.02,
    "stimulus_units": "Amps",
    "sweep_number": 8,
    "vm_delta_mv": 0.0007781982421875
  },
  {
    "bridge_balance_mohm": 12.3931617736816,
    "id": 488683514,
    "leak_pa": 13.0544996261597,
    "num_spikes": null,
    "peak_deflection": -77.3125076293945,
    "post_noise_rms_mv": 0.0342154838144779,
    "post_vm_mv": -67.6465072631836,
    "pre_noise_rms_mv": 0.0368434898555279,
    "pre_vm_mv": -68.38037109375,
    "slow_noise_rms_mv": 0.2296212464571,
    "slow_vm_mv": -68.38037109375,
    "specimen_id": 488683425,
    "stimulus_absolute_amplitude": -90.0000005077395,
    "stimulus_description": "C1LSCOARSE150216[1]",
    "stimulus_duration": 0.999995,
    "stimulus_interval": null,
    "stimulus_name": "Long Square",
    "stimulus_relative_amplitude": 1.0,
    "stimulus_start_time": 1.02,
    "stimulus_units": "Amps",
    "sweep_number": 23,
    "vm_delta_mv": 0.733863830566406
  },
  {
    "bridge_balance_mohm": 12.3931617736816,
    "id": 488683524,
    "leak_pa": -31.6856784820557,
    "num_spikes": null,
    "peak_deflection": -65.0000076293945,
    "post_noise_rms_mv": 0.0347931236028671,
    "post_vm_mv": -66.0055160522461,
    "pre_noise_rms_mv": 0.0355963073670864,
    "pre_vm_mv": -66.6823425292969,
    "slow_noise_rms_mv": 0.222093030810356,
    "slow_vm_mv": -66.6823425292969,
    "specimen_id": 488683425,
    "stimulus_absolute_amplitude": 9.99999996004197,
    "stimulus_description": "C1LSCOARSE150216[6]",
    "stimulus_duration": 0.999995,
    "stimulus_interval": null,
    "stimulus_name": "Long Square",
    "stimulus_relative_amplitude": 1.0,
    "stimulus_start_time": 1.02,
    "stimulus_units": "Amps",
    "sweep_number": 28,
    "vm_delta_mv": 0.676826477050781
  }
]