{
  "target_simulator": "NEURON",
  "run": {
    "tstart": 0.0,
    "tstop": 2000.0,
    "dt": 0.1,
    "dL": 20.0,
    "spike_threshold": -15.0,
    "nsteps_block": 5000
  },
  "conditions": {
    "celsius": 34.0,
    "v_init": -80.0
  },
  "output": {
    "log_file": "log.txt",
    "output_dir": "/home/mizzou/Desktop/important/single_cell/BMTK_notebook/BMTK_notebook/output",
    "spikes_file": "spikes.h5"
  },
  "reports": {
    "v_report": {
      "variable_name": "v",
      "cells": "all",
      "module": "membrane_report",
      "sections": "soma"
    }
  },
  "node_sets_file": "/home/mizzou/Desktop/important/single_cell/BMTK_notebook/BMTK_notebook/node_sets.json",
  "network": "/home/mizzou/Desktop/important/single_cell/BMTK_notebook/BMTK_notebook/circuit_config.json",
  "inputs": {
    "current_clamp1": {
      "input_type": "current_clamp",
      "module": "IClamp",
      "node_set": "all",
      "amp": 0.3,
      "delay": 300.0,
      "duration": 1000.0
    }
  },
  "config_path": "/home/mizzou/Desktop/important/single_cell/BMTK_notebook/BMTK_notebook/simulation_config.json",
  "config_dir": "/home/mizzou/Desktop/important/single_cell/BMTK_notebook/BMTK_notebook",
  "components": {
    "biophysical_neuron_models_dir": "/home/mizzou/Desktop/important/single_cell/BMTK_notebook/BMTK_notebook/components/biophysical_neuron_models",
    "point_neuron_models_dir": "/home/mizzou/Desktop/important/single_cell/BMTK_notebook/BMTK_notebook/components/point_neuron_models",
    "templates_dir": "/home/mizzou/Desktop/important/single_cell/BMTK_notebook/BMTK_notebook/components/templates",
    "synaptic_models_dir": "/home/mizzou/Desktop/important/single_cell/BMTK_notebook/BMTK_notebook/components/synaptic_models",
    "morphologies_dir": "/home/mizzou/Desktop/important/single_cell/BMTK_notebook/BMTK_notebook/components/morphologies",
    "mechanisms_dir": "/home/mizzou/Desktop/important/single_cell/BMTK_notebook/BMTK_notebook/components/mechanisms"
  },
  "networks": {
    "nodes": [
      {
        "nodes_file": "/home/mizzou/Desktop/important/single_cell/BMTK_notebook/BMTK_notebook/network/BL_nodes.h5",
        "node_types_file": "/home/mizzou/Desktop/important/single_cell/BMTK_notebook/BMTK_notebook/network/BL_node_types.csv"
      }
    ],
    "edges": []
  }
}